Swingup Success,Swingup Time [s],Energy [J],Torque Cost[N²m²],Torque Smoothness [Nm],Velocity Cost [m²/s²],RealAI Score
1.0,1.394000000000001,8.322843734625812,1.5169971024981224,0.008076873467083686,117.96157759261084,0.6326132415543495
