Swingup Success,Swingup Time [s],Energy [J],Torque Cost[N²m²],Torque Smoothness [Nm],Velocity Cost [m²/s²],RealAI Score
1.0,4.877999999999685,11.578786123264193,2.5515947760486974,0.04901870951442324,110.58814432648003,0.3640764036145624
