Swingup Success,Swingup Time [s],Energy [J],Torque Cost[N²m²],Torque Smoothness [Nm],Velocity Cost [m²/s²],RealAI Score
1.0,4.045999999999776,10.43306086658013,1.8688732699024855,0.015538032073070435,105.83027716662895,0.504231116942798
