Swingup Success,Swingup Time [s],Energy [J],Torque Cost[N²m²],Torque Smoothness [Nm],Velocity Cost [m²/s²],RealAI Score
1.0,1.564,3.707255657180069,4.453992039784149,0.8657441327785039,15.813840161298181,0.5679486369814248
